plant,workCenter,dayOffset,availableCapacity,requirement,remainingCapacity,utilizationPercent,capacityUnit,orders
1000,WC-MACH-01,1,200,80,120,40,PC,
1000,WC-MACH-01,2,200,100,100,50,PC,
1000,WC-MACH-01,3,200,60,140,30,PC,
1000,WC-MACH-01,4,200,60,140,30,PC,
1000,WC-MACH-01,5,200,40,160,20,PC,
1000,WC-ASSY-01,1,100,100,0,100,PC,SO-5001
1000,WC-ASSY-01,2,100,100,0,100,PC,SO-5004
1000,WC-ASSY-01,3,100,90,10,90,PC,
1000,WC-ASSY-01,4,100,60,40,60,PC,
1000,WC-ASSY-01,5,100,50,50,50,PC,
1000,WC-ASSY-02,1,80,32,48,40,PC,
1000,WC-ASSY-02,2,80,24,56,30,PC,
1000,WC-ASSY-02,3,80,20,60,25,PC,
1000,WC-ASSY-02,4,80,16,64,20,PC,
1000,WC-ASSY-02,5,80,16,64,20,PC,
